gender,avg_happiness
Female,85.33718358413162
Male,64.3028678789966
