avg_east_asian,avg_european,avg_african
0.09985621733090126,0.1557206553889797,0.01597718892132461
